{
    "x0": [
        30,
        30,
        30,
        30,
        30,
        30,
        30,
        30,
        30,
        30
    ],
    "x_min": [
        0.01,
        0.01,
        0.01,
        0.01,
        0.01,
        0.01,
        0.01,
        0.01,
        0.01,
        0.01
    ],
    "x_max": [
        36,
        36,
        36,
        36,
        36,
        36,
        36,
        36,
        36,
        36
    ],
    "L": [
        280,
        280,
        280,
        280,
        280,
        280,
        395.979797,
        395.979797,
        395.979797,
        395.979797
    ],
    "V_max": [
        40000
    ],
    "E": [
        1000,
        1000
    ],
    "E_sigma": [
        100,
        100
    ],
    "F_DOFs": [
        3,
        4,
        8
    ],
    "F_values": [
        0,
        50,
        50
    ],
    "node_info": [
        [
            5,
            3
        ],
        [
            3,
            1
        ],
        [
            6,
            4
        ],
        [
            4,
            2
        ],
        [
            3,
            4
        ],
        [
            1,
            2
        ],
        [
            5,
            4
        ],
        [
            3,
            6
        ],
        [
            3,
            2
        ],
        [
            1,
            4
        ]
    ],
    "fixed_nodes": [
        5,
        6
    ],
    "i_U": [
        4
    ]
}